Title,Description,Status,Priority,Labels,Estimate (hours),Dependencies,Phase
"Set up local PostgreSQL for development","Set up PostgreSQL instance locally (Docker Compose or local install). Configure connection string in environment variables. Document setup process in README. Ensure pgvector extension available for future use.",Todo,High,"infrastructure, database, setup",2-3,None,Phase 1
"Initialize Prisma in modules/db","Create modules/db/package.json with Prisma dependencies. Initialize Prisma schema file. Set up TypeScript configuration. Configure Prisma client generation. Add database connection utilities.",Todo,High,"database, prisma, setup",2-3,"Task 1.1",Phase 1
"Create CrawlRequest Prisma model","Define CrawlRequest model in Prisma schema with fields: id, url (unique indexed), outletId, status (enum), attempts, errorMessage, timestamps. Add appropriate indexes for query performance. Add validation constraints.",Todo,High,"database, schema, crawler",1-2,"Task 1.2",Phase 1
"Create Article Prisma model","Define Article model in Prisma schema with fields: id, url (unique indexed), crawlRequestId, outletId, title, textContent, excerpt, publishedDate, extractedAt, timestamps. Add indexes for common queries. Add validation constraints.",Todo,High,"database, schema, articles",1-2,"Task 1.2",Phase 1
"Create Outlet Prisma model","Define Outlet model in Prisma schema with fields: id, name (unique), ideology (enum), credibilityScore, rssFeeds (JSON), timestamps. Add indexes. Link to existing outlets.json configuration.",Todo,Medium,"database, schema, outlets",1-2,"Task 1.2",Phase 1
"Generate and run initial Prisma migration","Generate Prisma migration for CrawlRequest, Article, and Outlet models. Review migration SQL. Run migration against local database. Verify tables created correctly. Document migration process.",Todo,High,"database, migration",1,"Tasks 1.3, 1.4, 1.5",Phase 1
"Configure database connection in modules/config","Add DATABASE_URL to environment variable validation. Create database configuration utilities. Set up connection pooling configuration. Add connection health check function. Document environment setup.",Todo,High,"configuration, database",1-2,"Tasks 1.1, 1.2",Phase 1
"Implement CrawlRequest repository in modules/db","Create modules/db/src/repositories/crawlRequestRepo.ts. Implement methods: createOrUpdate, findPending, markInProgress, markDone, markFailed. Add proper error handling. Add TypeScript types.",Todo,High,"database, repository, crawler",3-4,"Task 1.6",Phase 2
"Create URL normalization utility","Create utility function to normalize URLs (remove query params, fragments, etc.). Handle URL canonicalization (www vs non-www, http vs https). Add URL validation. Create unit tests. Use in CrawlRequest repository.",Todo,Medium,"utils, crawler, urls",2-3,"Task 2.1",Phase 2
"Refactor RSS handler to use CrawlRequest repository","Update apps/crawler/src/rss/handler.js. Replace addPendingArticle() calls with crawlRequestRepo.createOrUpdate(). Remove dependency on Crawlee's KeyValueStore for pending articles. Update RSS processing to write directly to PostgreSQL. Maintain deduplication logic using database constraints.",Todo,High,"rss, crawler, postgres",3-4,"Tasks 2.1, 2.2",Phase 2
"Remove file-based pending articles queue","Remove addPendingArticle() from storage.js. Remove getAndClearPendingArticles() from storage.js. Update enqueue.js to be removed or repurposed. Clean up related utilities. Update imports.",Todo,Medium,"cleanup, crawler",1-2,"Task 2.3",Phase 2
"Validate RSS feeds write to PostgreSQL","Run RSS processing job. Verify CrawlRequest rows created in database. Verify URL normalization works. Verify deduplication prevents duplicates. Check status is set to 'pending'. Add logging for monitoring.",Todo,High,"testing, rss, validation",2-3,"Task 2.3",Phase 2
"Implement batch selection from PostgreSQL","Create function to select pending CrawlRequest records. Add batch size configuration (default: 50). Add ordering (by createdAt ASC). Add optional filtering (by outlet). Return batch with metadata (count, next batch info).",Todo,High,"crawler, batch-processing, postgres",2-3,"Task 2.1",Phase 3
"Create status update utilities","Create transaction-safe status update functions. Implement optimistic locking to prevent race conditions. Add retry logic for failed status updates. Handle concurrent batch processing scenarios. Add logging for status transitions.",Todo,High,"crawler, database, concurrency",3-4,"Task 3.1",Phase 3
"Update main crawler job to pull from PostgreSQL","Refactor apps/crawler/src/jobs/refreshFeeds.js. Replace RSS → Crawlee direct flow with RSS → PostgreSQL → batch selection. Update Phase 2 to pull batches from PostgreSQL instead of enqueuePendingArticles(). Pass CrawlRequest IDs through Crawlee context. Update error handling.",Todo,High,"crawler, refactor, postgres",4-5,"Tasks 3.1, 3.2",Phase 3
"Modify Crawlee handlers to work with PostgreSQL batches","Update articleCrawler.js to accept CrawlRequest context. Pass CrawlRequest ID through userData. Ensure handlers can access database connection. Update error handling to mark requests as failed. Maintain Crawlee's internal queue only for batch execution.",Todo,High,"crawler, crawlee, integration",3-4,"Task 3.3",Phase 3
"Validate batch selection and processing","Test batch selection returns correct records. Test status updates (pending → in_progress). Test concurrent batch processing (if applicable). Verify CrawlRequest IDs are passed correctly. Test error handling and status rollback.",Todo,High,"testing, validation, batch-processing",2-3,"Task 3.4",Phase 3
"Implement Article repository in modules/db","Create modules/db/src/repositories/articleRepo.ts. Implement methods: create, findByUrl, findByCrawlRequestId, upsert, findByOutlet. Add proper error handling. Add TypeScript types.",Todo,High,"database, repository, articles",3-4,"Task 1.6",Phase 4
"Refactor article mapper to persist to database","Update apps/crawler/src/mappers/articleMapper.js. Replace pushData() calls with articleRepo.upsert(). Link articles to CrawlRequest via crawlRequestId. Extract and store all article metadata. Handle both new articles and updates.",Todo,High,"articles, mappers, postgres",3-4,"Tasks 4.1, 3.4",Phase 4
"Update CrawlRequest when article is created","After successful article extraction, update CrawlRequest: Set status to 'done', Link articleId (foreign key), Set completedAt timestamp. Use transactions to ensure atomicity. Handle cases where article exists but CrawlRequest needs update.",Todo,High,"database, crawler, articles",2-3,"Task 4.2",Phase 4
"Implement comprehensive error handling","On successful extraction: mark CrawlRequest as done, link article. On failure: mark CrawlRequest as failed, increment attempts, store error message. Add retry logic for transient failures (max attempts: 3). Handle partial failures in batch processing. Add logging for all outcomes.",Todo,High,"error-handling, crawler, resilience",3-4,"Task 4.3",Phase 4
"Validate complete RSS → DB → Crawler → DB flow","Run complete crawler job. Verify RSS feeds create CrawlRequest records. Verify batch selection works. Verify articles are extracted and stored. Verify CrawlRequest statuses update correctly. Test failure scenarios. Verify no duplicate articles created.",Todo,High,"testing, e2e, validation",3-4,"Task 4.4",Phase 4
"Remove file-based storage from Crawlee config","Remove Configuration.getGlobalConfig().set('storageClientOptions') from refreshFeeds.js. Configure Crawlee to use in-memory storage only. Verify Crawlee still functions correctly. Update documentation.",Todo,Medium,"cleanup, crawler, storage",1,"Task 4.5",Phase 5
"Replace file-based storage with repository calls","Find all references to Crawlee KeyValueStore. Replace with appropriate repository methods. Update deduplication logic to use database queries. Remove storage.js file or repurpose it. Update all imports.",Todo,Medium,"refactor, storage, cleanup",2-3,"Task 5.1",Phase 5
"Remove KeyValueStore deduplication","Remove isArticleProcessed() from storage.js. Remove markArticleAsProcessed() from storage.js. Replace with database queries (check if URL exists in Article table). Update all call sites. Verify deduplication still works.",Todo,Medium,"cleanup, deduplication, refactor",2-3,"Task 5.2",Phase 5
"Remove unused storage utilities","Remove or archive apps/crawler/src/utils/storage.js. Remove apps/crawler/storage/ directory (or document it's no longer used). Update .gitignore if needed. Clean up related imports. Update documentation.",Todo,Low,"cleanup, storage",1-2,"Task 5.3",Phase 5
"Audit codebase for file storage references","Search codebase for Crawlee storage references. Search for KeyValueStore usage. Search for file-based storage paths. Remove or update all found references. Run full test suite to verify.",Todo,Medium,"audit, cleanup, testing",2-3,"Task 5.4",Phase 5
"Validate PostgreSQL connection and basic operations","Test database connection from crawler app. Test basic CRUD operations. Test connection pooling. Test connection retry logic. Verify environment configuration works.",Todo,High,"testing, database, connectivity",1-2,"Task 1.7",Phase 6
"Validate RSS feeds create CrawlRequest records","Run RSS processing. Verify CrawlRequest rows created. Verify URL normalization. Verify deduplication (no duplicates). Verify status is 'pending'. Count records created.",Todo,High,"testing, rss, validation",1-2,"Task 2.5",Phase 6
"Validate status updates work correctly","Test pending → in_progress transition. Test in_progress → done transition. Test in_progress → failed transition. Test retry logic (failed → pending). Verify no status regressions. Test concurrent batch handling.",Todo,High,"testing, validation, status",2-3,"Task 4.5",Phase 6
"Verify re-running job doesn't create duplicates","Run crawler job multiple times. Verify no duplicate CrawlRequest records. Verify no duplicate Article records. Verify status updates are idempotent. Test with same RSS feeds multiple times.",Todo,High,"testing, idempotence, validation",2-3,"Task 4.5",Phase 6
"Implement metrics and logging for crawler operations","Add logging for: Number of URLs discovered (RSS phase), Number of URLs processed (crawl phase), Number of successes/failures, Batch processing stats. Add structured logging format. Add error tracking. Document monitoring setup.",Todo,Medium,"monitoring, logging, observability",2-3,"Task 4.5",Phase 6
"Migrate existing articles from file storage to PostgreSQL","Create script to read existing articles from Crawlee storage. Transform to Article model format. Insert into PostgreSQL. Handle duplicates. Verify migration success. Document migration process.",Todo,Low,"migration, data, one-time",3-4,"Task 4.5",Phase 7
"Update all documentation for PostgreSQL integration","Update README with new setup instructions. Update architecture documentation. Update crawler documentation. Document database schema. Document environment variables. Update troubleshooting guide.",Todo,Medium,"documentation",2-3,"Task 5.5",Phase 7
"Final cleanup of file storage code","Remove unused storage utilities. Remove storage directory references. Clean up imports. Remove unused exports. Update .gitignore if needed.",Todo,Low,"cleanup, refactor",1-2,"Task 5.5",Phase 7
"Update .gitignore for new structure","Remove storage/ directory from .gitignore (if no longer needed). Add database-related ignores if needed. Add migration-related ignores. Verify all necessary files are ignored.",Todo,Low,"git, cleanup",0.5,"Task 7.3",Phase 7
"Complete end-to-end validation","Run full crawler workflow. Verify all functionality works. Verify no file storage dependencies. Verify database is single source of truth. Performance testing. Load testing with larger batches.",Todo,High,"testing, validation, e2e",3-4,"All previous tasks",Phase 7

